Respuesta;Tratamientos
66.85851357;a
109.8900887;a
98.9039991;a
136.3504908;a
124.5866173;a
130.4611553;a
100.5622912;a
79.6838659;a
123.553496;a
111.1549866;a
173.3024532;b
170.7933049;b
138.6294842;b
144.8951068;b
124.4242572;b
140.6522432;b
159.3840378;b
139.4283464;b
138.4056986;b
113.566364;b
134.7638051;c
207.8929424;c
62.03519266;c
46.28898066;c
86.71011026;c
108.0932766;c
-68.79843657;c
307.4302107;c
94.55156597;c
170.5033833;c
